Workbook
Name ProductList: #REF!

Sheet DashBoard
N7: Stock Report | O7: QuantityOnHand
N8: Magnetic Bookmark Set | O8: 0
N9: Glow-in-the-Dark Mug | O9: 0
N10: Travel Card Holder | O10: 0
N11: Cotton Tote Bag | O11: 0
N12: Puzzle Cube Keychain | O12: 0
N13: Bubble Tea Kit | O13: 0
N14: Bamboo Cutlery Set | O14: 6
N15: Mini Desk Plant | O15: 7
N16: Jelly Bean Jar | O16: 7
F17: ProductID | G17: ProductName | H17: Quantity | I17: Cost | J17: Supplier | K17: Contact Name | L17: Email Address | N17: Comic-Themed Notebook | O17: 8
F18: {=_xlfn._xlws.FILTER(Table7[ProductID],Table7[Reorder]="yes")} -> P002 | G18: =_xlfn.XLOOKUP(DashBoard!F18,Table7[ProductID],Table7[Products],,0) -> Bubble Tea Kit | J18: =_xlfn.XLOOKUP(DashBoard!F18,Table4[ProductID],Table4[Supplier],,0) -> Tasty Treats Ltd. | K18: =_xlfn.XLOOKUP(DashBoard!J18,Table4[Supplier],Table4[Contact Name],,0) -> Mike Dean | L18: =_xlfn.XLOOKUP(K18,Table4[Contact Name],Table4[Email Address],,0) -> mike.dean@gmail.com | N18: Scented Candle Tin | O18: 18
F19: P005 | G19: =_xlfn.XLOOKUP(DashBoard!F19,Table7[ProductID],Table7[Products],,0) -> Pocket Notebook | J19: =_xlfn.XLOOKUP(DashBoard!F19,Table4[ProductID],Table4[Supplier],,0) -> PaperWorks Supplies | K19: =_xlfn.XLOOKUP(DashBoard!J19,Table4[Supplier],Table4[Contact Name],,0) -> Josh Smith | L19: =_xlfn.XLOOKUP(K19,Table4[Contact Name],Table4[Email Address],,0) -> josh.smith@gmail.com | N19: Reusable Water Bottle | O19: 24
F20: P009 | G20: =_xlfn.XLOOKUP(DashBoard!F20,Table7[ProductID],Table7[Products],,0) -> Mini Desk Plant | J20: =_xlfn.XLOOKUP(DashBoard!F20,Table4[ProductID],Table4[Supplier],,0) -> GreenThumb Supplies | K20: =_xlfn.XLOOKUP(DashBoard!J20,Table4[Supplier],Table4[Contact Name],,0) -> Mikel Artena | L20: =_xlfn.XLOOKUP(K20,Table4[Contact Name],Table4[Email Address],,0) -> mikel.artena@gmail.com | N20: Pocket Notebook | O20: 27
F21: P010 | G21: =_xlfn.XLOOKUP(DashBoard!F21,Table7[ProductID],Table7[Products],,0) -> Glow-in-the-Dark Mug | J21: =_xlfn.XLOOKUP(DashBoard!F21,Table4[ProductID],Table4[Supplier],,0) -> CozyHome Traders | K21: =_xlfn.XLOOKUP(DashBoard!J21,Table4[Supplier],Table4[Contact Name],,0) -> Mikel Artena | L21: =_xlfn.XLOOKUP(K21,Table4[Contact Name],Table4[Email Address],,0) -> mikel.artena@gmail.com | N21: Chocolate Pretzel Mix | O21: 28
F22: P012 | G22: =_xlfn.XLOOKUP(DashBoard!F22,Table7[ProductID],Table7[Products],,0) -> Travel Card Holder | J22: =_xlfn.XLOOKUP(DashBoard!F22,Table4[ProductID],Table4[Supplier],,0) -> Urban Style Ltd. | K22: =_xlfn.XLOOKUP(DashBoard!J22,Table4[Supplier],Table4[Contact Name],,0) -> Miriam Adelson | L22: =_xlfn.XLOOKUP(K22,Table4[Contact Name],Table4[Email Address],,0) -> miriam.adelson@gmail.com | N22: Spicy Snack Mix | O22: 35
F23: P013 | G23: =_xlfn.XLOOKUP(DashBoard!F23,Table7[ProductID],Table7[Products],,0) -> Cotton Tote Bag | J23: =_xlfn.XLOOKUP(DashBoard!F23,Table4[ProductID],Table4[Supplier],,0) -> CozyWear Co. | K23: =_xlfn.XLOOKUP(DashBoard!J23,Table4[Supplier],Table4[Contact Name],,0) -> Josh Smith | L23: =_xlfn.XLOOKUP(K23,Table4[Contact Name],Table4[Email Address],,0) -> josh.smith@gmail.com | N23: Retro Arcade Keyring | O23: 45
F24: P014 | G24: =_xlfn.XLOOKUP(DashBoard!F24,Table7[ProductID],Table7[Products],,0) -> Jelly Bean Jar | J24: =_xlfn.XLOOKUP(DashBoard!F24,Table4[ProductID],Table4[Supplier],,0) -> Sweet Treats Co. | K24: =_xlfn.XLOOKUP(DashBoard!J24,Table4[Supplier],Table4[Contact Name],,0) -> Miriam Adelson | L24: =_xlfn.XLOOKUP(K24,Table4[Contact Name],Table4[Email Address],,0) -> miriam.adelson@gmail.com | N24: Gourmet Popcorn Pack | O24: 49
F25: P015 | G25: =_xlfn.XLOOKUP(DashBoard!F25,Table7[ProductID],Table7[Products],,0) -> Magnetic Bookmark Set | J25: =_xlfn.XLOOKUP(DashBoard!F25,Table4[ProductID],Table4[Supplier],,0) -> PaperWorks Supplies | K25: =_xlfn.XLOOKUP(DashBoard!J25,Table4[Supplier],Table4[Contact Name],,0) -> Josh Smith | L25: =_xlfn.XLOOKUP(K25,Table4[Contact Name],Table4[Email Address],,0) -> josh.smith@gmail.com | N25: Rainbow Socks | O25: 51
F26: P016 | G26: =_xlfn.XLOOKUP(DashBoard!F26,Table7[ProductID],Table7[Products],,0) -> Puzzle Cube Keychain | J26: =_xlfn.XLOOKUP(DashBoard!F26,Table4[ProductID],Table4[Supplier],,0) -> FunZone Imports | K26: =_xlfn.XLOOKUP(DashBoard!J26,Table4[Supplier],Table4[Contact Name],,0) -> Mikel Artena | L26: =_xlfn.XLOOKUP(K26,Table4[Contact Name],Table4[Email Address],,0) -> mikel.artena@gmail.com | N26: Slime DIY Kit | O26: 55
F27: P017 | G27: =_xlfn.XLOOKUP(DashBoard!F27,Table7[ProductID],Table7[Products],,0) -> Bamboo Cutlery Set | J27: =_xlfn.XLOOKUP(DashBoard!F27,Table4[ProductID],Table4[Supplier],,0) -> EcoLiving Pty Ltd. | K27: =_xlfn.XLOOKUP(DashBoard!J27,Table4[Supplier],Table4[Contact Name],,0) -> Josh Smith | L27: =_xlfn.XLOOKUP(K27,Table4[Contact Name],Table4[Email Address],,0) -> josh.smith@gmail.com | N27: LED Fidget Spinner | O27: 71
F28: P018 | G28: =_xlfn.XLOOKUP(DashBoard!F28,Table7[ProductID],Table7[Products],,0) -> Comic-Themed Notebook | J28: =_xlfn.XLOOKUP(DashBoard!F28,Table4[ProductID],Table4[Supplier],,0) -> PaperWorks Supplies | K28: =_xlfn.XLOOKUP(DashBoard!J28,Table4[Supplier],Table4[Contact Name],,0) -> Josh Smith | L28: =_xlfn.XLOOKUP(K28,Table4[Contact Name],Table4[Email Address],,0) -> josh.smith@gmail.com | N28: Grand Total | O28: 431

Sheet Products
F8: ProductID | G8: ProductName | H8: Category | I8: Cost/Unit | J8: ReorderLevel | K8: Supplier | L8: Contact Name | M8: Email Address
F9: P001 | G9: Rainbow Socks | H9: Apparel | I9: 8 | J9: 20 | K9: CozyWear Co. | L9: Josh Smith | M9: josh.smith@gmail.com
F10: P002 | G10: Bubble Tea Kit | H10: Food & Drink | I10: 12 | J10: 15 | K10: Tasty Treats Ltd. | L10: Mike Dean | M10: mike.dean@gmail.com
F11: P003 | G11: LED Fidget Spinner | H11: Toys & Gadgets | I11: 6 | J11: 10 | K11: FunZone Imports | L11: Mikel Artena | M11: mikel.artena@gmail.com
F12: P004 | G12: Gourmet Popcorn Pack | H12: Food & Drink | I12: 5 | J12: 25 | K12: Snack Masters | L12: Sam Allargine | M12: sam.allargine@gmail.com
F13: P005 | G13: Pocket Notebook | H13: Stationery | I13: 3 | J13: 30 | K13: PaperWorks Supplies | L13: Josh Smith | M13: josh.smith@gmail.com
F14: P006 | G14: Slime DIY Kit | H14: Toys & Gadgets | I14: 9 | J14: 12 | K14: FunZone Imports | L14: Josh Smith | M14: josh.smith@gmail.com
F15: P007 | G15: Reusable Water Bottle | H15: Lifestyle | I15: 15 | J15: 20 | K15: EcoLiving Pty Ltd. | L15: Josh Smith | M15: josh.smith@gmail.com
F16: P008 | G16: Chocolate Pretzel Mix | H16: Food & Drink | I16: 4 | J16: 25 | K16: Snack Masters | L16: Mikel Artena | M16: mikel.artena@gmail.com
F17: P009 | G17: Mini Desk Plant | H17: Lifestyle | I17: 10 | J17: 8 | K17: GreenThumb Supplies | L17: Mikel Artena | M17: mikel.artena@gmail.com
F18: P010 | G18: Glow-in-the-Dark Mug | H18: Lifestyle | I18: 11 | J18: 10 | K18: CozyHome Traders | L18: Mikel Artena | M18: mikel.artena@gmail.com
F19: P011 | G19: Scented Candle Tin | H19: Lifestyle | I19: 7 | J19: 18 | K19: CozyHome Traders | L19: Arya Janne | M19: arya.janne@gmail.com
F20: P012 | G20: Travel Card Holder | H20: Lifestyle | I20: 5 | J20: 15 | K20: Urban Style Ltd. | L20: Miriam Adelson | M20: miriam.adelson@gmail.com
... F28: P020 | G28: Retro Arcade Keyring | H28: Toys & Gadgets | I28: 7 | J28: 10 | K28: FunZone Imports | L28: Jim Simons | M28: jim.simons@gmail.com

Sheet QuantityOnHand
F8: ProductID | G8: Products | H8: Cost/Unit | I8: Reorder Level | J8: QuantityOnHand | K8: Stock Value | L8: Reorder
F9: =Table4[[#This Row],[ProductID]] -> P001 | G9: =_xlfn.XLOOKUP(Table7[[#This Row],[ProductID]],Table4[ProductID],Table4[ProductName],"Not Found") -> Rainbow Socks | H9: =_xlfn.XLOOKUP(Table7[[#This Row],[Products]],Table4[ProductName],Table4[Cost/Unit],"Not Found") -> 8 | I9: =_xlfn.XLOOKUP(Table7[[#This Row],[Products]],Table4[ProductName],Table4[ReorderLevel],"Not Found") -> 20 | J9: =IF(SUMIFS(Recieved!I8:I46,Recieved!H8:H46,Table7[[#This Row],[ProductID]])-SUMIFS(Table6[Quantity],Table6[ProductID],Table7[[#This Row],[ProductID]])<0,0,SUMIFS(Recieved!I8:I46,Recieved!H8:H46,Table7[[#This Row],[ProductID]])-SUMIFS(Table6[Quantity],Table6[ProductID],Table7[[#This Row],[ProductID]])) -> 51 | K9: =Table7[[#This Row],[Cost/Unit]]*Table7[[#This Row],[QuantityOnHand]] -> 408 | L9: =IF(Table7[[#This Row],[QuantityOnHand]]<Table7[[#This Row],[Reorder Level]],"YES","NO") -> NO
F10: =Table4[[#This Row],[ProductID]] -> P002 | G10: =_xlfn.XLOOKUP(Table7[[#This Row],[ProductID]],Table4[ProductID],Table4[ProductName],"Not Found") -> Bubble Tea Kit | H10: =_xlfn.XLOOKUP(Table7[[#This Row],[Products]],Table4[ProductName],Table4[Cost/Unit],"Not Found") -> 12 | I10: =_xlfn.XLOOKUP(Table7[[#This Row],[Products]],Table4[ProductName],Table4[ReorderLevel],"Not Found") -> 15 | J10: =IF(SUMIFS(Recieved!I9:I47,Recieved!H9:H47,Table7[[#This Row],[ProductID]])-SUMIFS(Table6[Quantity],Table6[ProductID],Table7[[#This Row],[ProductID]])<0,0,SUMIFS(Recieved!I9:I47,Recieved!H9:H47,Table7[[#This Row],[ProductID]])-SUMIFS(Table6[Quantity],Table6[ProductID],Table7[[#This Row],[ProductID]])) -> 0 | K10: =Table7[[#This Row],[Cost/Unit]]*Table7[[#This Row],[QuantityOnHand]] -> 0 | L10: =IF(Table7[[#This Row],[QuantityOnHand]]<Table7[[#This Row],[Reorder Level]],"YES","NO") -> YES
F11: =Table4[[#This Row],[ProductID]] -> P003 | G11: =_xlfn.XLOOKUP(Table7[[#This Row],[ProductID]],Table4[ProductID],Table4[ProductName],"Not Found") -> LED Fidget Spinner | H11: =_xlfn.XLOOKUP(Table7[[#This Row],[Products]],Table4[ProductName],Table4[Cost/Unit],"Not Found") -> 6 | I11: =_xlfn.XLOOKUP(Table7[[#This Row],[Products]],Table4[ProductName],Table4[ReorderLevel],"Not Found") -> 10 | J11: =IF(SUMIFS(Recieved!I10:I48,Recieved!H10:H48,Table7[[#This Row],[ProductID]])-SUMIFS(Table6[Quantity],Table6[ProductID],Table7[[#This Row],[ProductID]])<0,0,SUMIFS(Recieved!I10:I48,Recieved!H10:H48,Table7[[#This Row],[ProductID]])-SUMIFS(Table6[Quantity],Table6[ProductID],Table7[[#This Row],[ProductID]])) -> 71 | K11: =Table7[[#This Row],[Cost/Unit]]*Table7[[#This Row],[QuantityOnHand]] -> 426 | L11: =IF(Table7[[#This Row],[QuantityOnHand]]<Table7[[#This Row],[Reorder Level]],"YES","NO") -> NO
F12: =Table4[[#This Row],[ProductID]] -> P004 | G12: =_xlfn.XLOOKUP(Table7[[#This Row],[ProductID]],Table4[ProductID],Table4[ProductName],"Not Found") -> Gourmet Popcorn Pack | H12: =_xlfn.XLOOKUP(Table7[[#This Row],[Products]],Table4[ProductName],Table4[Cost/Unit],"Not Found") -> 5 | I12: =_xlfn.XLOOKUP(Table7[[#This Row],[Products]],Table4[ProductName],Table4[ReorderLevel],"Not Found") -> 25 | J12: =IF(SUMIFS(Recieved!I11:I49,Recieved!H11:H49,Table7[[#This Row],[ProductID]])-SUMIFS(Table6[Quantity],Table6[ProductID],Table7[[#This Row],[ProductID]])<0,0,SUMIFS(Recieved!I11:I49,Recieved!H11:H49,Table7[[#This Row],[ProductID]])-SUMIFS(Table6[Quantity],Table6[ProductID],Table7[[#This Row],[ProductID]])) -> 49 | K12: =Table7[[#This Row],[Cost/Unit]]*Table7[[#This Row],[QuantityOnHand]] -> 245 | L12: =IF(Table7[[#This Row],[QuantityOnHand]]<Table7[[#This Row],[Reorder Level]],"YES","NO") -> NO
F13: =Table4[[#This Row],[ProductID]] -> P005 | G13: =_xlfn.XLOOKUP(Table7[[#This Row],[ProductID]],Table4[ProductID],Table4[ProductName],"Not Found") -> Pocket Notebook | H13: =_xlfn.XLOOKUP(Table7[[#This Row],[Products]],Table4[ProductName],Table4[Cost/Unit],"Not Found") -> 3 | I13: =_xlfn.XLOOKUP(Table7[[#This Row],[Products]],Table4[ProductName],Table4[ReorderLevel],"Not Found") -> 30 | J13: =IF(SUMIFS(Recieved!I12:I50,Recieved!H12:H50,Table7[[#This Row],[ProductID]])-SUMIFS(Table6[Quantity],Table6[ProductID],Table7[[#This Row],[ProductID]])<0,0,SUMIFS(Recieved!I12:I50,Recieved!H12:H50,Table7[[#This Row],[ProductID]])-SUMIFS(Table6[Quantity],Table6[ProductID],Table7[[#This Row],[ProductID]])) -> 27 | K13: =Table7[[#This Row],[Cost/Unit]]*Table7[[#This Row],[QuantityOnHand]] -> 81 | L13: =IF(Table7[[#This Row],[QuantityOnHand]]<Table7[[#This Row],[Reorder Level]],"YES","NO") -> YES
F14: =Table4[[#This Row],[ProductID]] -> P006 | G14: =_xlfn.XLOOKUP(Table7[[#This Row],[ProductID]],Table4[ProductID],Table4[ProductName],"Not Found") -> Slime DIY Kit | H14: =_xlfn.XLOOKUP(Table7[[#This Row],[Products]],Table4[ProductName],Table4[Cost/Unit],"Not Found") -> 9 | I14: =_xlfn.XLOOKUP(Table7[[#This Row],[Products]],Table4[ProductName],Table4[ReorderLevel],"Not Found") -> 12 | J14: =IF(SUMIFS(Recieved!I13:I51,Recieved!H13:H51,Table7[[#This Row],[ProductID]])-SUMIFS(Table6[Quantity],Table6[ProductID],Table7[[#This Row],[ProductID]])<0,0,SUMIFS(Recieved!I13:I51,Recieved!H13:H51,Table7[[#This Row],[ProductID]])-SUMIFS(Table6[Quantity],Table6[ProductID],Table7[[#This Row],[ProductID]])) -> 55 | K14: =Table7[[#This Row],[Cost/Unit]]*Table7[[#This Row],[QuantityOnHand]] -> 495 | L14: =IF(Table7[[#This Row],[QuantityOnHand]]<Table7[[#This Row],[Reorder Level]],"YES","NO") -> NO
F15: =Table4[[#This Row],[ProductID]] -> P007 | G15: =_xlfn.XLOOKUP(Table7[[#This Row],[ProductID]],Table4[ProductID],Table4[ProductName],"Not Found") -> Reusable Water Bottle | H15: =_xlfn.XLOOKUP(Table7[[#This Row],[Products]],Table4[ProductName],Table4[Cost/Unit],"Not Found") -> 15 | I15: =_xlfn.XLOOKUP(Table7[[#This Row],[Products]],Table4[ProductName],Table4[ReorderLevel],"Not Found") -> 20 | J15: =IF(SUMIFS(Recieved!I14:I52,Recieved!H14:H52,Table7[[#This Row],[ProductID]])-SUMIFS(Table6[Quantity],Table6[ProductID],Table7[[#This Row],[ProductID]])<0,0,SUMIFS(Recieved!I14:I52,Recieved!H14:H52,Table7[[#This Row],[ProductID]])-SUMIFS(Table6[Quantity],Table6[ProductID],Table7[[#This Row],[ProductID]])) -> 24 | K15: =Table7[[#This Row],[Cost/Unit]]*Table7[[#This Row],[QuantityOnHand]] -> 360 | L15: =IF(Table7[[#This Row],[QuantityOnHand]]<Table7[[#This Row],[Reorder Level]],"YES","NO") -> NO
F16: =Table4[[#This Row],[ProductID]] -> P008 | G16: =_xlfn.XLOOKUP(Table7[[#This Row],[ProductID]],Table4[ProductID],Table4[ProductName],"Not Found") -> Chocolate Pretzel Mix | H16: =_xlfn.XLOOKUP(Table7[[#This Row],[Products]],Table4[ProductName],Table4[Cost/Unit],"Not Found") -> 4 | I16: =_xlfn.XLOOKUP(Table7[[#This Row],[Products]],Table4[ProductName],Table4[ReorderLevel],"Not Found") -> 25 | J16: =IF(SUMIFS(Recieved!I15:I53,Recieved!H15:H53,Table7[[#This Row],[ProductID]])-SUMIFS(Table6[Quantity],Table6[ProductID],Table7[[#This Row],[ProductID]])<0,0,SUMIFS(Recieved!I15:I53,Recieved!H15:H53,Table7[[#This Row],[ProductID]])-SUMIFS(Table6[Quantity],Table6[ProductID],Table7[[#This Row],[ProductID]])) -> 28 | K16: =Table7[[#This Row],[Cost/Unit]]*Table7[[#This Row],[QuantityOnHand]] -> 112 | L16: =IF(Table7[[#This Row],[QuantityOnHand]]<Table7[[#This Row],[Reorder Level]],"YES","NO") -> NO
F17: =Table4[[#This Row],[ProductID]] -> P009 | G17: =_xlfn.XLOOKUP(Table7[[#This Row],[ProductID]],Table4[ProductID],Table4[ProductName],"Not Found") -> Mini Desk Plant | H17: =_xlfn.XLOOKUP(Table7[[#This Row],[Products]],Table4[ProductName],Table4[Cost/Unit],"Not Found") -> 10 | I17: =_xlfn.XLOOKUP(Table7[[#This Row],[Products]],Table4[ProductName],Table4[ReorderLevel],"Not Found") -> 8 | J17: =IF(SUMIFS(Recieved!I16:I54,Recieved!H16:H54,Table7[[#This Row],[ProductID]])-SUMIFS(Table6[Quantity],Table6[ProductID],Table7[[#This Row],[ProductID]])<0,0,SUMIFS(Recieved!I16:I54,Recieved!H16:H54,Table7[[#This Row],[ProductID]])-SUMIFS(Table6[Quantity],Table6[ProductID],Table7[[#This Row],[ProductID]])) -> 7 | K17: =Table7[[#This Row],[Cost/Unit]]*Table7[[#This Row],[QuantityOnHand]] -> 70 | L17: =IF(Table7[[#This Row],[QuantityOnHand]]<Table7[[#This Row],[Reorder Level]],"YES","NO") -> YES
F18: =Table4[[#This Row],[ProductID]] -> P010 | G18: =_xlfn.XLOOKUP(Table7[[#This Row],[ProductID]],Table4[ProductID],Table4[ProductName],"Not Found") -> Glow-in-the-Dark Mug | H18: =_xlfn.XLOOKUP(Table7[[#This Row],[Products]],Table4[ProductName],Table4[Cost/Unit],"Not Found") -> 11 | I18: =_xlfn.XLOOKUP(Table7[[#This Row],[Products]],Table4[ProductName],Table4[ReorderLevel],"Not Found") -> 10 | J18: =IF(SUMIFS(Recieved!I17:I55,Recieved!H17:H55,Table7[[#This Row],[ProductID]])-SUMIFS(Table6[Quantity],Table6[ProductID],Table7[[#This Row],[ProductID]])<0,0,SUMIFS(Recieved!I17:I55,Recieved!H17:H55,Table7[[#This Row],[ProductID]])-SUMIFS(Table6[Quantity],Table6[ProductID],Table7[[#This Row],[ProductID]])) -> 0 | K18: =Table7[[#This Row],[Cost/Unit]]*Table7[[#This Row],[QuantityOnHand]] -> 0 | L18: =IF(Table7[[#This Row],[QuantityOnHand]]<Table7[[#This Row],[Reorder Level]],"YES","NO") -> YES
F19: =Table4[[#This Row],[ProductID]] -> P011 | G19: =_xlfn.XLOOKUP(Table7[[#This Row],[ProductID]],Table4[ProductID],Table4[ProductName],"Not Found") -> Scented Candle Tin | H19: =_xlfn.XLOOKUP(Table7[[#This Row],[Products]],Table4[ProductName],Table4[Cost/Unit],"Not Found") -> 7 | I19: =_xlfn.XLOOKUP(Table7[[#This Row],[Products]],Table4[ProductName],Table4[ReorderLevel],"Not Found") -> 18 | J19: =IF(SUMIFS(Recieved!I18:I56,Recieved!H18:H56,Table7[[#This Row],[ProductID]])-SUMIFS(Table6[Quantity],Table6[ProductID],Table7[[#This Row],[ProductID]])<0,0,SUMIFS(Recieved!I18:I56,Recieved!H18:H56,Table7[[#This Row],[ProductID]])-SUMIFS(Table6[Quantity],Table6[ProductID],Table7[[#This Row],[ProductID]])) -> 18 | K19: =Table7[[#This Row],[Cost/Unit]]*Table7[[#This Row],[QuantityOnHand]] -> 126 | L19: =IF(Table7[[#This Row],[QuantityOnHand]]<Table7[[#This Row],[Reorder Level]],"YES","NO") -> NO
F20: =Table4[[#This Row],[ProductID]] -> P012 | G20: =_xlfn.XLOOKUP(Table7[[#This Row],[ProductID]],Table4[ProductID],Table4[ProductName],"Not Found") -> Travel Card Holder | H20: =_xlfn.XLOOKUP(Table7[[#This Row],[Products]],Table4[ProductName],Table4[Cost/Unit],"Not Found") -> 5 | I20: =_xlfn.XLOOKUP(Table7[[#This Row],[Products]],Table4[ProductName],Table4[ReorderLevel],"Not Found") -> 15 | J20: =IF(SUMIFS(Recieved!I19:I57,Recieved!H19:H57,Table7[[#This Row],[ProductID]])-SUMIFS(Table6[Quantity],Table6[ProductID],Table7[[#This Row],[ProductID]])<0,0,SUMIFS(Recieved!I19:I57,Recieved!H19:H57,Table7[[#This Row],[ProductID]])-SUMIFS(Table6[Quantity],Table6[ProductID],Table7[[#This Row],[ProductID]])) -> 0 | K20: =Table7[[#This Row],[Cost/Unit]]*Table7[[#This Row],[QuantityOnHand]] -> 0 | L20: =IF(Table7[[#This Row],[QuantityOnHand]]<Table7[[#This Row],[Reorder Level]],"YES","NO") -> YES
... F28: =Table4[[#This Row],[ProductID]] -> P020 | G28: =_xlfn.XLOOKUP(Table7[[#This Row],[ProductID]],Table4[ProductID],Table4[ProductName],"Not Found") -> Retro Arcade Keyring | H28: =_xlfn.XLOOKUP(Table7[[#This Row],[Products]],Table4[ProductName],Table4[Cost/Unit],"Not Found") -> 7 | I28: =_xlfn.XLOOKUP(Table7[[#This Row],[Products]],Table4[ProductName],Table4[ReorderLevel],"Not Found") -> 10 | J28: =IF(SUMIFS(Recieved!I27:I65,Recieved!H27:H65,Table7[[#This Row],[ProductID]])-SUMIFS(Table6[Quantity],Table6[ProductID],Table7[[#This Row],[ProductID]])<0,0,SUMIFS(Recieved!I27:I65,Recieved!H27:H65,Table7[[#This Row],[ProductID]])-SUMIFS(Table6[Quantity],Table6[ProductID],Table7[[#This Row],[ProductID]])) -> 45 | K28: =Table7[[#This Row],[Cost/Unit]]*Table7[[#This Row],[QuantityOnHand]] -> 315 | L28: =IF(Table7[[#This Row],[QuantityOnHand]]<Table7[[#This Row],[Reorder Level]],"YES","NO") -> NO

Sheet Recieved
F8: ProductName | G8: Date | H8: ProductID | I8: Quantity | J8: Type
F9: Glow-in-the-Dark Mug | G9: 45900 | H9: =_xlfn.XLOOKUP(Recieved!F9,Table4[ProductName],Table4[ProductID],"Item Not Found",0) -> P010 | I9: 43 | J9: Received
F10: Rainbow Socks | G10: 45900 | H10: =_xlfn.XLOOKUP(Recieved!F10,Table4[ProductName],Table4[ProductID],"Item Not Found",0) -> P001 | I10: 46 | J10: Received
F11: Magnetic Bookmark Set | G11: 45900 | H11: =_xlfn.XLOOKUP(Recieved!F11,Table4[ProductName],Table4[ProductID],"Item Not Found",0) -> P015 | I11: 41 | J11: Received
F12: Mini Desk Plant | G12: 45900 | H12: =_xlfn.XLOOKUP(Recieved!F12,Table4[ProductName],Table4[ProductID],"Item Not Found",0) -> P009 | I12: 26 | J12: Received
F13: Bamboo Cutlery Set | G13: 45900 | H13: =_xlfn.XLOOKUP(Recieved!F13,Table4[ProductName],Table4[ProductID],"Item Not Found",0) -> P017 | I13: 6 | J13: Received
F14: Travel Card Holder | G14: 45900 | H14: =_xlfn.XLOOKUP(Recieved!F14,Table4[ProductName],Table4[ProductID],"Item Not Found",0) -> P012 | I14: 7 | J14: Received
F15: Puzzle Cube Keychain | G15: 45900 | H15: =_xlfn.XLOOKUP(Recieved!F15,Table4[ProductName],Table4[ProductID],"Item Not Found",0) -> P016 | I15: 48 | J15: Received
F16: Retro Arcade Keyring | G16: 45900 | H16: =_xlfn.XLOOKUP(Recieved!F16,Table4[ProductName],Table4[ProductID],"Item Not Found",0) -> P020 | I16: 27 | J16: Received
F17: Pocket Notebook | G17: 45900 | H17: =_xlfn.XLOOKUP(Recieved!F17,Table4[ProductName],Table4[ProductID],"Item Not Found",0) -> P005 | I17: 40 | J17: Received
F18: Bubble Tea Kit | G18: 45900 | H18: =_xlfn.XLOOKUP(Recieved!F18,Table4[ProductName],Table4[ProductID],"Item Not Found",0) -> P002 | I18: 4 | J18: Received
F19: Gourmet Popcorn Pack | G19: 45900 | H19: =_xlfn.XLOOKUP(Recieved!F19,Table4[ProductName],Table4[ProductID],"Item Not Found",0) -> P004 | I19: 34 | J19: Received
F20: Scented Candle Tin | G20: 45900 | H20: =_xlfn.XLOOKUP(Recieved!F20,Table4[ProductName],Table4[ProductID],"Item Not Found",0) -> P011 | I20: 6 | J20: Received
... F47: Scented Candle Tin | G47: 45900 | H47: =_xlfn.XLOOKUP(Recieved!F47,Table4[ProductName],Table4[ProductID],"Item Not Found",0) -> P011 | I47: 45 | J47: Received

Sheet Out Of Stock
F8: ProductName | G8: Date | H8: ProductID | I8: Quantity | J8: Type
F9: Pocket Notebook | G9: 45900 | H9: =_xlfn.XLOOKUP(Table6[[#This Row],[ProductName]],Table4[ProductName],Table4[ProductID],"Item Not Found",0) -> P005 | I9: 20 | J9: Out
F10: Puzzle Cube Keychain | G10: 45900 | H10: =_xlfn.XLOOKUP(Table6[[#This Row],[ProductName]],Table4[ProductName],Table4[ProductID],"Item Not Found",0) -> P016 | I10: 16 | J10: Out
F11: Bubble Tea Kit | G11: 45900 | H11: =_xlfn.XLOOKUP(Table6[[#This Row],[ProductName]],Table4[ProductName],Table4[ProductID],"Item Not Found",0) -> P002 | I11: 16 | J11: Out
F12: Jelly Bean Jar | G12: 45900 | H12: =_xlfn.XLOOKUP(Table6[[#This Row],[ProductName]],Table4[ProductName],Table4[ProductID],"Item Not Found",0) -> P014 | I12: 21 | J12: Out
F13: Mini Desk Plant | G13: 45900 | H13: =_xlfn.XLOOKUP(Table6[[#This Row],[ProductName]],Table4[ProductName],Table4[ProductID],"Item Not Found",0) -> P009 | I13: 11 | J13: Out
F14: Scented Candle Tin | G14: 45900 | H14: =_xlfn.XLOOKUP(Table6[[#This Row],[ProductName]],Table4[ProductName],Table4[ProductID],"Item Not Found",0) -> P011 | I14: 27 | J14: Out
F15: Bamboo Cutlery Set | G15: 45900 | H15: =_xlfn.XLOOKUP(Table6[[#This Row],[ProductName]],Table4[ProductName],Table4[ProductID],"Item Not Found",0) -> P017 | I15: 21 | J15: Out
F16: Glow-in-the-Dark Mug | G16: 45900 | H16: =_xlfn.XLOOKUP(Table6[[#This Row],[ProductName]],Table4[ProductName],Table4[ProductID],"Item Not Found",0) -> P010 | I16: 30 | J16: Out
F17: Retro Arcade Keyring | G17: 45900 | H17: =_xlfn.XLOOKUP(Table6[[#This Row],[ProductName]],Table4[ProductName],Table4[ProductID],"Item Not Found",0) -> P020 | I17: 4 | J17: Out
F18: Rainbow Socks | G18: 45901 | H18: =_xlfn.XLOOKUP(Table6[[#This Row],[ProductName]],Table4[ProductName],Table4[ProductID],"Item Not Found",0) -> P001 | I18: 6 | J18: Out
F19: Slime DIY Kit | G19: 45901 | H19: =_xlfn.XLOOKUP(Table6[[#This Row],[ProductName]],Table4[ProductName],Table4[ProductID],"Item Not Found",0) -> P006 | I19: 14 | J19: Out
F20: Cotton Tote Bag | G20: 45901 | H20: =_xlfn.XLOOKUP(Table6[[#This Row],[ProductName]],Table4[ProductName],Table4[ProductID],"Item Not Found",0) -> P013 | I20: 19 | J20: Out
... F38: Glow-in-the-Dark Mug | G38: 45910 | H38: =_xlfn.XLOOKUP(Table6[[#This Row],[ProductName]],Table4[ProductName],Table4[ProductID],"Item Not Found",0) -> P010 | I38: 22 | J38: Out

Sheet calculations
B2: Total Stock Value | F2: Stock Report | G2: QuantityOnHand
B3: 2942 | F3: Magnetic Bookmark Set | G3: 0
B4: =GETPIVOTDATA("Stock Value",$B$2) -> 2942 | F4: Glow-in-the-Dark Mug | G4: 0 | J4: yes
F5: Travel Card Holder | G5: 0
B6: Count of ProductID | F6: Cotton Tote Bag | G6: 0
B7: 20 | F7: Puzzle Cube Keychain | G7: 0
B8: =GETPIVOTDATA("ProductID",$B$6) -> 20 | F8: Bubble Tea Kit | G8: 0
F9: Bamboo Cutlery Set | G9: 6 | I9: Row Labels | J9: Sum of Quantity
B10: Reorder | C10: YES | F10: Mini Desk Plant | G10: 7 | I10: 45900 | J10: 1028
F11: Jelly Bean Jar | G11: 7 | I11: Grand Total | J11: 1028
B12: Count of Reorder | F12: Comic-Themed Notebook | G12: 8
B13: 11 | F13: Scented Candle Tin | G13: 18
B14: =GETPIVOTDATA("Reorder",$B$12) -> 11 | F14: Reusable Water Bottle | G14: 24 | I14: Row Labels | J14: Count of Products
F15: Pocket Notebook | G15: 27 | I15: NO | J15: 0.45
F16: Chocolate Pretzel Mix | G16: 28 | I16: YES | J16: 0.55
F17: Spicy Snack Mix | G17: 35 | I17: Grand Total | J17: 1
F18: Retro Arcade Keyring | G18: 45
F19: Gourmet Popcorn Pack | G19: 49
F20: Rainbow Socks | G20: 51
F21: Slime DIY Kit | G21: 55
F22: LED Fidget Spinner | G22: 71
F23: Grand Total | G23: 431
